CREATE TABLE employees (
    emp_id INT PRIMARY KEY,
    emp_name VARCHAR(100),
    department VARCHAR(50),
    join_date DATE,
    salary NUMERIC
);


CREATE TABLE attendance (
    att_id INT PRIMARY KEY,
    emp_id INT,
    month DATE,
    days_present INT,
    leaves INT
);


CREATE TABLE payroll (
    pay_id INT PRIMARY KEY,
    emp_id INT,
    month DATE,
    basic_pay NUMERIC,
    bonus NUMERIC,
    deductions NUMERIC
);





CREATE TABLE leaves (
    leave_id INT PRIMARY KEY,
    emp_id INT,
    leave_type VARCHAR(50),
    leave_days INT
);

















INSERT INTO employees VALUES
(1,'Amit','HR','2020-01-10',30500),
(2,'Neha','IT','2020-03-15',31000),
(3,'Ravi','Finance','2020-06-20',31500),
(4,'Priya','Sales','2020-09-01',32000),
(5,'Rahul','Marketing','2021-01-05',32500),
(6,'Sneha','HR','2021-05-15',33000),
(7,'Karan','IT','2021-07-20',33500),
(8,'Pooja','Finance','2022-01-10',34000),
(9,'Arjun','Sales','2022-04-18',34500),
(10,'Anjali','Marketing','2023-02-11',35000),
(11,'Vikram','HR','2020-01-10',35500),
(12,'Divya','IT','2020-03-15',36000),
(13,'Suresh','Finance','2020-06-20',36500),
(14,'Meera','Sales','2020-09-01',37000),
(15,'Rohit','Marketing','2021-01-05',37500),
(16,'Amit','HR','2021-05-15',38000),
(17,'Neha','IT','2021-07-20',38500),
(18,'Ravi','Finance','2022-01-10',39000),
(19,'Priya','Sales','2022-04-18',39500),
(20,'Rahul','Marketing','2023-02-11',40000),
(21,'Sneha','HR','2020-01-10',40500),
(22,'Karan','IT','2020-03-15',41000),
(23,'Pooja','Finance','2020-06-20',41500),
(24,'Arjun','Sales','2020-09-01',42000),
(25,'Anjali','Marketing','2021-01-05',42500),
(26,'Vikram','HR','2021-05-15',43000),
(27,'Divya','IT','2021-07-20',43500),
(28,'Suresh','Finance','2022-01-10',44000),
(29,'Meera','Sales','2022-04-18',44500),
(30,'Rohit','Marketing','2023-02-11',45000),
(31,'Amit','HR','2020-01-10',45500),
(32,'Neha','IT','2020-03-15',46000),
(33,'Ravi','Finance','2020-06-20',46500),
(34,'Priya','Sales','2020-09-01',47000),
(35,'Rahul','Marketing','2021-01-05',47500),
(36,'Sneha','HR','2021-05-15',48000),
(37,'Karan','IT','2021-07-20',48500),
(38,'Pooja','Finance','2022-01-10',49000),
(39,'Arjun','Sales','2022-04-18',49500),
(40,'Anjali','Marketing','2023-02-11',50000),
(41,'Vikram','HR','2020-01-10',50500),
(42,'Divya','IT','2020-03-15',51000),
(43,'Suresh','Finance','2020-06-20',51500),
(44,'Meera','Sales','2020-09-01',52000),
(45,'Rohit','Marketing','2021-01-05',52500),
(46,'Amit','HR','2021-05-15',53000),
(47,'Neha','IT','2021-07-20',53500),
(48,'Ravi','Finance','2022-01-10',54000),
(49,'Priya','Sales','2022-04-18',54500),
(50,'Rahul','Marketing','2023-02-11',55000),
(51,'Sneha','HR','2020-01-10',55500),
(52,'Karan','IT','2020-03-15',56000),
(53,'Pooja','Finance','2020-06-20',56500),
(54,'Arjun','Sales','2020-09-01',57000),
(55,'Anjali','Marketing','2021-01-05',57500),
(56,'Vikram','HR','2021-05-15',58000),
(57,'Divya','IT','2021-07-20',58500),
(58,'Suresh','Finance','2022-01-10',59000),
(59,'Meera','Sales','2022-04-18',59500),
(60,'Rohit','Marketing','2023-02-11',60000),
(61,'Amit','HR','2020-01-10',60500),
(62,'Neha','IT','2020-03-15',61000),
(63,'Ravi','Finance','2020-06-20',61500),
(64,'Priya','Sales','2020-09-01',62000),
(65,'Rahul','Marketing','2021-01-05',62500),
(66,'Sneha','HR','2021-05-15',63000),
(67,'Karan','IT','2021-07-20',63500),
(68,'Pooja','Finance','2022-01-10',64000),
(69,'Arjun','Sales','2022-04-18',64500),
(70,'Anjali','Marketing','2023-02-11',65000),
(71,'Vikram','HR','2020-01-10',65500),
(72,'Divya','IT','2020-03-15',66000),
(73,'Suresh','Finance','2020-06-20',66500),
(74,'Meera','Sales','2020-09-01',67000),
(75,'Rohit','Marketing','2021-01-05',67500),
(76,'Amit','HR','2021-05-15',68000),
(77,'Neha','IT','2021-07-20',68500),
(78,'Ravi','Finance','2022-01-10',69000),
(79,'Priya','Sales','2022-04-18',69500),
(80,'Rahul','Marketing','2023-02-11',70000),
(81,'Sneha','HR','2020-01-10',70500),
(82,'Karan','IT','2020-03-15',71000),
(83,'Pooja','Finance','2020-06-20',71500),
(84,'Arjun','Sales','2020-09-01',72000),
(85,'Anjali','Marketing','2021-01-05',72500),
(86,'Vikram','HR','2021-05-15',73000),
(87,'Divya','IT','2021-07-20',73500),
(88,'Suresh','Finance','2022-01-10',74000),
(89,'Meera','Sales','2022-04-18',74500),
(90,'Rohit','Marketing','2023-02-11',75000),
(91,'Amit','HR','2020-01-10',75500),
(92,'Neha','IT','2020-03-15',76000),
(93,'Ravi','Finance','2020-06-20',76500),
(94,'Priya','Sales','2020-09-01',77000),
(95,'Rahul','Marketing','2021-01-05',77500),
(96,'Sneha','HR','2021-05-15',78000),
(97,'Karan','IT','2021-07-20',78500),
(98,'Pooja','Finance','2022-01-10',79000),
(99,'Arjun','Sales','2022-04-18',79500),
(100,'Anjali','Marketing','2023-02-11',80000);





INSERT INTO payroll VALUES
(1,1,'2024-01-01',30000,3000,500),
(2,2,'2024-01-01',32000,3500,700),
(3,3,'2024-01-01',34000,4000,900),
(4,4,'2024-01-01',36000,4500,1100),
(5,5,'2024-01-01',38000,5000,1300),
(6,6,'2024-01-01',40000,5500,1500),
(7,7,'2024-01-01',42000,6000,1700),
(8,8,'2024-01-01',44000,6500,1900),
(9,9,'2024-01-01',46000,7000,500),
(10,10,'2024-01-01',48000,7500,700),
(11,11,'2024-01-01',30000,3000,900),
(12,12,'2024-01-01',32000,3500,1100),
(13,13,'2024-01-01',34000,4000,1300),
(14,14,'2024-01-01',36000,4500,1500),
(15,15,'2024-01-01',38000,5000,1700),
(16,16,'2024-01-01',40000,5500,1900),
(17,17,'2024-01-01',42000,6000,500),
(18,18,'2024-01-01',44000,6500,700),
(19,19,'2024-01-01',46000,7000,900),
(20,20,'2024-01-01',48000,7500,1100),
(21,21,'2024-01-01',30000,3000,1300),
(22,22,'2024-01-01',32000,3500,1500),
(23,23,'2024-01-01',34000,4000,1700),
(24,24,'2024-01-01',36000,4500,1900),
(25,25,'2024-01-01',38000,5000,500),
(26,26,'2024-01-01',40000,5500,700),
(27,27,'2024-01-01',42000,6000,900),
(28,28,'2024-01-01',44000,6500,1100),
(29,29,'2024-01-01',46000,7000,1300),
(30,30,'2024-01-01',48000,7500,1500),
(31,31,'2024-01-01',30000,3000,1700),
(32,32,'2024-01-01',32000,3500,1900),
(33,33,'2024-01-01',34000,4000,500),
(34,34,'2024-01-01',36000,4500,700),
(35,35,'2024-01-01',38000,5000,900),
(36,36,'2024-01-01',40000,5500,1100),
(37,37,'2024-01-01',42000,6000,1300),
(38,38,'2024-01-01',44000,6500,1500),
(39,39,'2024-01-01',46000,7000,1700),
(40,40,'2024-01-01',48000,7500,1900),
(41,41,'2024-01-01',30000,3000,500),
(42,42,'2024-01-01',32000,3500,700),
(43,43,'2024-01-01',34000,4000,900),
(44,44,'2024-01-01',36000,4500,1100),
(45,45,'2024-01-01',38000,5000,1300),
(46,46,'2024-01-01',40000,5500,1500),
(47,47,'2024-01-01',42000,6000,1700),
(48,48,'2024-01-01',44000,6500,1900),
(49,49,'2024-01-01',46000,7000,500),
(50,50,'2024-01-01',48000,7500,700),
(51,51,'2024-01-01',30000,3000,900),
(52,52,'2024-01-01',32000,3500,1100),
(53,53,'2024-01-01',34000,4000,1300),
(54,54,'2024-01-01',36000,4500,1500),
(55,55,'2024-01-01',38000,5000,1700),
(56,56,'2024-01-01',40000,5500,1900),
(57,57,'2024-01-01',42000,6000,500),
(58,58,'2024-01-01',44000,6500,700),
(59,59,'2024-01-01',46000,7000,900),
(60,60,'2024-01-01',48000,7500,1100),
(61,61,'2024-01-01',30000,3000,1300),
(62,62,'2024-01-01',32000,3500,1500),
(63,63,'2024-01-01',34000,4000,1700),
(64,64,'2024-01-01',36000,4500,1900),
(65,65,'2024-01-01',38000,5000,500),
(66,66,'2024-01-01',40000,5500,700),
(67,67,'2024-01-01',42000,6000,900),
(68,68,'2024-01-01',44000,6500,1100),
(69,69,'2024-01-01',46000,7000,1300),
(70,70,'2024-01-01',48000,7500,1500),
(71,71,'2024-01-01',30000,3000,1700),
(72,72,'2024-01-01',32000,3500,1900),
(73,73,'2024-01-01',34000,4000,500),
(74,74,'2024-01-01',36000,4500,700),
(75,75,'2024-01-01',38000,5000,900),
(76,76,'2024-01-01',40000,5500,1100),
(77,77,'2024-01-01',42000,6000,1300),
(78,78,'2024-01-01',44000,6500,1500),
(79,79,'2024-01-01',46000,7000,1700),
(80,80,'2024-01-01',48000,7500,1900),
(81,81,'2024-01-01',30000,3000,500),
(82,82,'2024-01-01',32000,3500,700),
(83,83,'2024-01-01',34000,4000,900),
(84,84,'2024-01-01',36000,4500,1100),
(85,85,'2024-01-01',38000,5000,1300),
(86,86,'2024-01-01',40000,5500,1500),
(87,87,'2024-01-01',42000,6000,1700),
(88,88,'2024-01-01',44000,6500,1900),
(89,89,'2024-01-01',46000,7000,500),
(90,90,'2024-01-01',48000,7500,700),
(91,91,'2024-01-01',30000,3000,900),
(92,92,'2024-01-01',32000,3500,1100),
(93,93,'2024-01-01',34000,4000,1300),
(94,94,'2024-01-01',36000,4500,1500),
(95,95,'2024-01-01',38000,5000,1700),
(96,96,'2024-01-01',40000,5500,1900),
(97,97,'2024-01-01',42000,6000,500),
(98,98,'2024-01-01',44000,6500,700),
(99,99,'2024-01-01',46000,7000,900),
(100,100,'2024-01-01',48000,7500,1100);








INSERT INTO attendance VALUES
(1,1,'2024-01-01',22,2),
(2,2,'2024-01-01',20,4),
(3,3,'2024-01-01',23,1),
(4,4,'2024-01-01',21,3),
(5,5,'2024-01-01',24,0),
(6,6,'2024-01-01',22,2),
(7,7,'2024-01-01',20,4),
(8,8,'2024-01-01',23,1),
(9,9,'2024-01-01',21,3),
(10,10,'2024-01-01',24,0),
(11,11,'2024-01-01',22,2),
(12,12,'2024-01-01',20,4),
(13,13,'2024-01-01',23,1),
(14,14,'2024-01-01',21,3),
(15,15,'2024-01-01',24,0),
(16,16,'2024-01-01',22,2),
(17,17,'2024-01-01',20,4),
(18,18,'2024-01-01',23,1),
(19,19,'2024-01-01',21,3),
(20,20,'2024-01-01',24,0),
(21,21,'2024-01-01',22,2),
(22,22,'2024-01-01',20,4),
(23,23,'2024-01-01',23,1),
(24,24,'2024-01-01',21,3),
(25,25,'2024-01-01',24,0),
(26,26,'2024-01-01',22,2),
(27,27,'2024-01-01',20,4),
(28,28,'2024-01-01',23,1),
(29,29,'2024-01-01',21,3),
(30,30,'2024-01-01',24,0),
(31,31,'2024-01-01',22,2),
(32,32,'2024-01-01',20,4),
(33,33,'2024-01-01',23,1),
(34,34,'2024-01-01',21,3),
(35,35,'2024-01-01',24,0),
(36,36,'2024-01-01',22,2),
(37,37,'2024-01-01',20,4),
(38,38,'2024-01-01',23,1),
(39,39,'2024-01-01',21,3),
(40,40,'2024-01-01',24,0),
(41,41,'2024-01-01',22,2),
(42,42,'2024-01-01',20,4),
(43,43,'2024-01-01',23,1),
(44,44,'2024-01-01',21,3),
(45,45,'2024-01-01',24,0),
(46,46,'2024-01-01',22,2),
(47,47,'2024-01-01',20,4),
(48,48,'2024-01-01',23,1),
(49,49,'2024-01-01',21,3),
(50,50,'2024-01-01',24,0),
(51,51,'2024-01-01',22,2),
(52,52,'2024-01-01',20,4),
(53,53,'2024-01-01',23,1),
(54,54,'2024-01-01',21,3),
(55,55,'2024-01-01',24,0),
(56,56,'2024-01-01',22,2),
(57,57,'2024-01-01',20,4),
(58,58,'2024-01-01',23,1),
(59,59,'2024-01-01',21,3),
(60,60,'2024-01-01',24,0),
(61,61,'2024-01-01',22,2),
(62,62,'2024-01-01',20,4),
(63,63,'2024-01-01',23,1),
(64,64,'2024-01-01',21,3),
(65,65,'2024-01-01',24,0),
(66,66,'2024-01-01',22,2),
(67,67,'2024-01-01',20,4),
(68,68,'2024-01-01',23,1),
(69,69,'2024-01-01',21,3),
(70,70,'2024-01-01',24,0),
(71,71,'2024-01-01',22,2),
(72,72,'2024-01-01',20,4),
(73,73,'2024-01-01',23,1),
(74,74,'2024-01-01',21,3),
(75,75,'2024-01-01',24,0),
(76,76,'2024-01-01',22,2),
(77,77,'2024-01-01',20,4),
(78,78,'2024-01-01',23,1),
(79,79,'2024-01-01',21,3),
(80,80,'2024-01-01',24,0),
(81,81,'2024-01-01',22,2),
(82,82,'2024-01-01',20,4),
(83,83,'2024-01-01',23,1),
(84,84,'2024-01-01',21,3),
(85,85,'2024-01-01',24,0),
(86,86,'2024-01-01',22,2),
(87,87,'2024-01-01',20,4),
(88,88,'2024-01-01',23,1),
(89,89,'2024-01-01',21,3),
(90,90,'2024-01-01',24,0),
(91,91,'2024-01-01',22,2),
(92,92,'2024-01-01',20,4),
(93,93,'2024-01-01',23,1),
(94,94,'2024-01-01',21,3),
(95,95,'2024-01-01',24,0),
(96,96,'2024-01-01',22,2),
(97,97,'2024-01-01',20,4),
(98,98,'2024-01-01',23,1),
(99,99,'2024-01-01',21,3),
(100,100,'2024-01-01',24,0);





INSERT INTO leaves VALUES
(1,1,'Sick',2),
(2,2,'Casual',4),
(3,3,'Paid',1),
(4,4,'Casual',3),
(5,5,'Paid',0),
(6,6,'Sick',1),
(7,7,'Casual',2),
(8,8,'Paid',0),
(9,9,'Sick',3),
(10,10,'Casual',1),
(11,11,'Paid',2),
(12,12,'Sick',0),
(13,13,'Casual',4),
(14,14,'Paid',1),
(15,15,'Sick',2),
(16,16,'Casual',3),
(17,17,'Paid',0),
(18,18,'Sick',1),
(19,19,'Casual',2),
(20,20,'Paid',4),
(21,21,'Sick',3),
(22,22,'Casual',1),
(23,23,'Paid',0),
(24,24,'Sick',2),
(25,25,'Casual',4),
(26,26,'Paid',1),
(27,27,'Sick',0),
(28,28,'Casual',3),
(29,29,'Paid',2),
(30,30,'Sick',1),
(31,31,'Casual',4),
(32,32,'Paid',0),
(33,33,'Sick',2),
(34,34,'Casual',3),
(35,35,'Paid',1),
(36,36,'Sick',0),
(37,37,'Casual',2),
(38,38,'Paid',4),
(39,39,'Sick',1),
(40,40,'Casual',3),
(41,41,'Paid',2),
(42,42,'Sick',0),
(43,43,'Casual',1),
(44,44,'Paid',4),
(45,45,'Sick',3),
(46,46,'Casual',2),
(47,47,'Paid',0),
(48,48,'Sick',1),
(49,49,'Casual',4),
(50,50,'Paid',2),
(51,51,'Sick',0),
(52,52,'Casual',3),
(53,53,'Paid',1),
(54,54,'Sick',2),
(55,55,'Casual',4),
(56,56,'Paid',0),
(57,57,'Sick',3),
(58,58,'Casual',1),
(59,59,'Paid',2),
(60,60,'Sick',4),
(61,61,'Casual',0),
(62,62,'Paid',1),
(63,63,'Sick',2),
(64,64,'Casual',3),
(65,65,'Paid',4),
(66,66,'Sick',0),
(67,67,'Casual',2),
(68,68,'Paid',1),
(69,69,'Sick',3),
(70,70,'Casual',4),
(71,71,'Paid',0),
(72,72,'Sick',2),
(73,73,'Casual',1),
(74,74,'Paid',3),
(75,75,'Sick',4),
(76,76,'Casual',0),
(77,77,'Paid',2),
(78,78,'Sick',1),
(79,79,'Casual',3),
(80,80,'Paid',4),
(81,81,'Sick',0),
(82,82,'Casual',2),
(83,83,'Paid',1),
(84,84,'Sick',3),
(85,85,'Casual',4),
(86,86,'Paid',0),
(87,87,'Sick',2),
(88,88,'Casual',1),
(89,89,'Paid',3),
(90,90,'Sick',4),
(91,91,'Casual',0),
(92,92,'Paid',2),
(93,93,'Sick',1),
(94,94,'Casual',3),
(95,95,'Paid',4),
(96,96,'Sick',0),
(97,97,'Casual',2),
(98,98,'Paid',1),
(99,99,'Sick',3),
(100,100,'Casual',4);

SELECT department, SUM(salary) AS total_salary
FROM employees
GROUP BY department;





SELECT department, COUNT(emp_id) AS emp_count
FROM employees
GROUP BY department;





SELECT * FROM employees
WHERE salary > 50000;





SELECT COUNT(*) AS attrition
FROM employees
WHERE join_date < CURRENT_DATE - INTERVAL '2 years';









SELECT e.emp_name, p.basic_pay, p.bonus
FROM employees e
JOIN payroll p ON e.emp_id = p.emp_id;










SELECT emp_id,
basic_pay + bonus - deductions AS net_salary
FROM payroll;









SELECT department, AVG(salary)
FROM employees
GROUP BY department;



SELECT * 
FROM employees
WHERE salary > 50000;




SELECT * 
FROM employees
ORDER BY salary DESC
LIMIT 1;




SELECT * 
FROM employees
ORDER BY salary DESC
LIMIT 3;




SELECT emp_id, SUM(leave_days)
FROM leaves
GROUP BY emp_id;



SELECT department, COUNT(*) 
FROM employees
GROUP BY department;


SELECT emp_name,
CASE 
WHEN salary > 60000 THEN 'High'
WHEN salary > 40000 THEN 'Medium'
ELSE 'Low'
END AS salary_band
FROM employees;










SELECT * FROM employees
ORDER BY salary DESC
LIMIT 3;









SELECT e.emp_name, p.basic_pay
FROM employees e
JOIN payroll p ON e.emp_id = p.emp_id;
















select*from attendance;


SELECT department, SUM(salary) AS total_salary
FROM employees
GROUP BY department;